First Name,Last Name,Phone Number
Debbie,Patterson,(852)-9411061
Nicole,Poole,(572)-6016048
Isaiah,Davis,(357)-4432937
Kimberly,Wilson,(379)-4535748
Sean,Norman,(713)-7098494
Richard,Rodriguez,(445)-2557548
Victoria,Houston,(326)-2604694
Richard,Washington,(543)-5190269
Rebekah,Anderson,(275)-8411242
Laura,Manning,(927)-4024283
Terry,Walker,(485)-7003784
Kaitlin,Andrade,(589)-9612012
Eric,Miller,(167)-3657449
Benjamin,Shannon,(391)-7660014
Jeremy,Parks,(353)-4489920
Aaron,Smith,(153)-5466734
Katie,Vega,(215)-9373571
Joseph,Riddle,(557)-7919516
Bruce,Reyes,(684)-6680568
Martha,Kerr,(549)-1906759
Kimberly,Mcmahon,(722)-4793121
James,Riley,(809)-6385540
Jose,Smith,(776)-3694514
Beth,Brown,(653)-5354622
Maria,Brewer,(847)-2893638
Christina,Brown,(474)-6962969
Heather,Andrade,(206)-3649252
Carlos,Perez,(165)-4143257
Lori,Garcia,(645)-4620698
Misty,Bolton,(931)-8352255
Lucas,Gonzalez,(252)-4161811
Jared,Smith,(719)-5604517
Robert,Craig,(816)-8277565
Lisa,Gonzalez,(758)-3943945
Benjamin,Watkins,(792)-8113634
Tara,Stevenson,(438)-9200772
Laurie,Smith,(492)-9891765
Sean,Roberts,(300)-9024420
William,Hill,(867)-5700042
Mark,Green,(672)-8012541
Lisa,Martinez,(496)-5105933
Megan,English,(838)-7597640
Brittany,Baird,(148)-9122849
Angela,Ball,(233)-8143281
Mary,Perez,(460)-8356860
Sherry,Davis,(293)-4032426
Susan,Hunter,(388)-5171083
Eric,Aguilar,(624)-1132491
Jared,Robinson,(104)-1314947
Matthew,Montes,(942)-9076792
Dawn,Parker,(738)-6610920
Rachel,Booth,(768)-6043467
Jennifer,Koch,(660)-3198340
Sarah,Harris,(221)-3864976
Michael,Williams,(976)-7207516
Christopher,Evans,(454)-3404625
Vanessa,Dorsey,(620)-7306456
Pamela,Campbell,(797)-5085174
Shawn,Davenport,(613)-1813644
Pamela,Andrade,(836)-8445403
Veronica,Scott,(921)-1950571
Nancy,Lopez,(913)-7143671
Savannah,Bailey,(869)-8039476
Matthew,Schneider,(769)-1218615
Anne,Porter,(314)-4337806
Daniel,Hodge,(648)-1671847
Chad,Chavez,(740)-9003474
Kathleen,Pierce,(882)-8279540
Amber,Williams,(393)-9917594
Ashley,Brown,(545)-3126814
Maxwell,Campos,(927)-9443290
Susan,Melton,(179)-3672686
Rebecca,Schwartz,(898)-3117082
Brandy,Hernandez,(288)-8143304
Billy,Curry,(757)-7141393
Elizabeth,Walter,(329)-1422645
Alicia,Rivera,(985)-2182855
Morgan,Stevenson,(838)-6868447
Henry,Rogers,(285)-2046484
Shawn,Bond,(385)-2960878
Christopher,Herrera,(301)-6663265
Kathleen,Fisher,(185)-8234586
Ronald,Gomez,(221)-2185009
Courtney,Berry,(643)-7551636
Sarah,Porter,(986)-3377378
Taylor,Lang,(484)-6752076
Lori,Mitchell,(347)-5698991
Charles,Chen,(706)-9282639
John,Cook,(599)-6296141
Tara,Hall,(821)-3423018
Andrew,Henderson,(885)-5138069
Pam,Green,(237)-2826928
Brent,Bradley,(901)-7604544
Jennifer,Robinson,(133)-6637245
Aaron,Munoz,(338)-8067941
Kelly,Hernandez,(675)-7501526
Nicole,Johnson,(566)-9381868
Jerry,Kennedy,(258)-5231504
Roberta,Thornton,(150)-4479065
Maria,Dennis,(529)-4249719
Kathleen,Brown,(152)-5187531
Tracey,Wagner,(746)-7333875
Laura,Blankenship,(537)-1740625
Joseph,Garcia,(854)-5961055
Derek,Bush,(314)-7186551
Jesse,Pittman,(636)-1662866
Samantha,Collier,(847)-6782443
Daniel,Ellis,(595)-4375120
Ann,Lopez,(598)-7080981
Sharon,Pennington,(661)-3470373
Cassandra,Price,(249)-1313784
Kathryn,Frazier,(219)-8703587
Richard,Harris,(730)-5350576
Brittany,Bowers,(372)-4788518
Bobby,Moon,(407)-5070170
Nicole,Morris,(845)-7298699
Michelle,Rivera,(430)-4656583
Cassandra,Johnson,(855)-5216723
Jennifer,Keith,(566)-4580690
Randy,Holden,(916)-3996055
Victor,Davis,(536)-4193565
Samantha,Anderson,(612)-1845229
Jason,Moore,(787)-7628236
Elizabeth,Cooke,(358)-4734386
Sherry,Evans,(323)-4657271
Donald,Henry,(872)-4436905
Sara,Smith,(277)-3752493
Patrick,Williams,(600)-3388157
Michael,Phillips,(424)-8819934
Pamela,Prince,(890)-3582922
Jessica,Reed,(310)-1727447
Andrew,Johnson,(464)-8250565
Pamela,Mann,(366)-4725058
Sherri,Andrews,(117)-8357747
Adam,Harrison,(982)-2224900
Anthony,Cook,(826)-5711027
David,Smith,(715)-1652623
Regina,Lambert,(559)-3418875
Maria,Cole,(241)-8482534
Marisa,Young,(835)-1346175
Anthony,Hancock,(323)-2446165
Rebekah,Walker,(102)-1053837
William,Smith,(578)-9510452
David,Cruz,(447)-1989489
Janice,Blair,(207)-8561232
Edward,Vazquez,(106)-4810777
Michael,Lowery,(229)-9192331
Scott,Martin,(644)-4440059
Richard,Moore,(885)-2031974
Allison,Banks,(558)-6057251
Victor,Mejia,(410)-2487288
Anthony,Henry,(997)-8078886
Ronald,Rocha,(716)-1656306
Anne,Stephenson,(721)-5663045
Derek,Newton,(524)-3589548
Kayla,Moreno,(939)-2514075
Christina,Hill,(700)-2496866
Tony,Cain,(943)-7379462
Benjamin,Bradford,(185)-2636981
Kenneth,Bullock,(163)-7669898
April,Barker,(720)-1925662
Melissa,Davis,(947)-4983606
Christopher,Moore,(588)-5513606
Maria,Joseph,(740)-2435349
Benjamin,Carter,(221)-9711060
Bill,Guerrero,(510)-1622947
Stacy,Perry,(208)-2972725
Karen,Rhodes,(427)-6038379
Christina,Lopez,(187)-2042262
Christopher,Davis,(692)-3272131
Samuel,Mcneil,(402)-1545214
Jonathan,Williams,(363)-4990861
Timothy,Gill,(834)-5935675
Mary,Wright,(826)-5328783
David,Garner,(482)-2995125
Jeremy,Dalton,(276)-6270788
Joanna,Proctor,(690)-7603101
Juan,Franklin,(524)-5586474
Nicholas,Powell,(556)-7636225
Megan,Maxwell,(577)-2991024
David,Shelton,(705)-9025014
Mikayla,Haynes,(272)-6208333
Rachel,Larson,(743)-1545707
Rebecca,Larson,(492)-4141142
Karen,Kelly,(417)-7329574
Matthew,Mccoy,(297)-5948538
Angela,Williams,(937)-3723873
Luis,Thompson,(639)-1321841
Chad,Carroll,(818)-3934128
Samantha,Snyder,(267)-7399686
Brandon,Garcia,(620)-4252027
Susan,Graham,(134)-9012051
Stephanie,Campbell,(207)-6225528
Kayla,Walsh,(170)-2978246
John,Miller,(160)-3334114
Yolanda,Blake,(341)-6919945
Benjamin,Wheeler,(875)-2217165
Erin,Yates,(406)-8344378
Yvonne,Vaughn,(505)-6576059
Chris,Graham,(205)-3961912
Evelyn,Bond,(687)-1688997
Manuel,Acevedo,(220)-2250697
Brett,Nixon,(134)-2539432
Jennifer,Young,(584)-1935070
Robert,Huynh,(560)-8230341
William,Robinson,(710)-6758678
Matthew,Chase,(207)-7565489
Joanna,Rubio,(128)-4533982
Sarah,Mendez,(628)-5082674
Samuel,Nielsen,(676)-5169843
Jon,Andrews,(481)-3116124
Meghan,Hernandez,(697)-4000793
Riley,Henderson,(164)-4125541
James,Richardson,(986)-9306937
Lindsey,Jackson,(758)-4722032
Sheri,Kelly,(830)-5500987
Sheila,Smith,(501)-4216800
Patrick,Harmon,(887)-4006006
Andrea,Potter,(657)-7905133
Angela,Norris,(344)-8149291
Ariel,Bowen,(116)-9283639
Stephen,Henry,(746)-6830455
James,Herrera,(231)-6782676
Courtney,Franklin,(834)-6702998
Anne,Wright,(763)-1530917
Jack,Clayton,(727)-6028553
Donna,Wilson,(398)-7964782
Sherri,Gonzales,(365)-8617760
Michael,Austin,(391)-5715408
Jeffrey,Davis,(800)-7383715
Heather,Murray,(309)-8951288
Matthew,Clements,(181)-9035388
Shari,Benson,(929)-8833899
Rachel,Prince,(826)-7251976
Daniel,Perez,(896)-5892477
Bobby,Ramos,(419)-8864776
Chad,Goodwin,(790)-6253929
Paul,Kane,(716)-7711575
Shane,Gibson,(976)-7026409
Denise,Briggs,(818)-4657439
Kaitlin,Hernandez,(342)-6390298
Robert,Perez,(156)-9441239
Ashley,Ashley,(935)-5004433
Adam,Wright,(592)-4709250
Samuel,Johnson,(361)-2287425
Eric,Payne,(570)-2788197
Jennifer,Hernandez,(457)-9155477
Amanda,Martin,(590)-3895872
Gloria,Hammond,(224)-3236856
Patrick,Dalton,(233)-1303162
Benjamin,Patrick,(328)-1933791
Misty,Lucero,(744)-6503497
George,Mccoy,(316)-6181910
Laura,Meadows,(320)-7965416
Steven,Davis,(623)-9024051
Nicole,Duran,(616)-9237311
Thomas,Boone,(950)-4638605
Haley,Kim,(174)-8322956
Benjamin,Price,(889)-9479174
Heather,Rodriguez,(434)-5905745
Luis,Mueller,(580)-9169445
Emily,Jackson,(198)-7062243
Sean,Frederick,(655)-1288902
Vicki,Cooper,(538)-6655146
Patricia,Garcia,(820)-5602531
Anthony,Wright,(486)-8584740
Frank,Schroeder,(619)-8863651
Michael,Sharp,(322)-1140042
Michael,Evans,(480)-5851154
Michael,Calhoun,(165)-2058756
Alexandra,Gomez,(919)-3119685
Spencer,Gibson,(740)-6839870
Raven,Hunt,(736)-6756314
Janet,Pugh,(660)-2326598
Barbara,Armstrong,(315)-2349180
Marcia,Moore,(677)-2291308
Robert,Hendrix,(186)-9879417
Kelsey,Velasquez,(385)-5536003
Darrell,Russell,(908)-1888518
Mason,Terry,(845)-5441363
Thomas,Reynolds,(544)-7488715
Shawn,Sanford,(877)-7277888
Mark,Cox,(997)-1555910
Tracy,Walters,(104)-9001712
Dennis,Lewis,(704)-4824639
Suzanne,Campbell,(424)-6169772
Hannah,Figueroa,(853)-8595086
Eric,Morgan,(811)-8909927
Juan,Shaw,(694)-4753492
Madison,Salazar,(786)-5207672
David,Austin,(419)-7728657
Tammy,Raymond,(190)-7221235
Laura,Cruz,(558)-5487205
Michael,Jimenez,(647)-7814867
David,Wells,(477)-9284588
Alvin,Casey,(801)-6198128
Courtney,Duncan,(114)-2289092
Amanda,Morris,(119)-4557994
Gregory,Tucker,(712)-3557476
Adam,Kim,(780)-4717083
Traci,Lowery,(970)-4907207
Grace,Lopez,(934)-3479462
Laura,Charles,(155)-1758037
David,Hernandez,(814)-7647723
Lawrence,Bates,(347)-2284182
Michele,Sawyer,(785)-8668785
Patricia,Williams,(964)-1612089
Heidi,Ingram,(721)-1922439
Andrew,Mcdaniel,(142)-8459618
Benjamin,Henry,(318)-3223666
Catherine,Mendez,(481)-1675236
Amy,Hinton,(550)-4862309
Nicole,Dorsey,(191)-7620130
Tina,Wilson,(918)-6999631
Kevin,Taylor,(612)-1712315
Curtis,Tate,(333)-6074985
Kristina,Shaw,(982)-1748140
Alexander,Davis,(917)-7277068
Lisa,White,(806)-8187369
Jessica,Houston,(470)-6123724
Janet,Ross,(790)-8430207
Destiny,Kline,(976)-9856025
Amy,Smith,(169)-3738340
Brandon,Hamilton,(269)-8767590
Jessica,Martinez,(523)-3107960
Ryan,Hicks,(355)-5504930
Michael,Bailey,(717)-4436222
Ryan,Edwards,(727)-1313159
Amber,Paul,(169)-7336356
Elizabeth,Johnston,(655)-5262527
Shirley,Garcia,(181)-2188748
Jose,Scott,(461)-4315785
Matthew,Woodard,(473)-1778885
Marcus,Brennan,(696)-3306447
Megan,Ross,(245)-4964721
Phillip,Arellano,(600)-4668208
Brandon,Ellis,(268)-5859524
Amber,Barajas,(280)-2603606
Cynthia,Scott,(371)-6583811
Anna,Roach,(307)-9123368
Peter,Conley,(236)-1502981
Jason,Harris,(364)-6892200
Lisa,Cooper,(553)-2248580
Shannon,Norris,(619)-2118375
Tiffany,Owens,(164)-4280710
Theresa,Ryan,(712)-4871578
Matthew,Reed,(775)-4691043
Richard,Miranda,(498)-2724144
Tony,Romero,(244)-3930608
John,Gardner,(796)-5137784
Ashley,Foster,(310)-8643119
Scott,Alexander,(140)-6929255
Joshua,Perry,(244)-6980233
Michael,Young,(888)-2298501
Lisa,Irwin,(400)-8001522
Tim,Franco,(591)-7280033
Annette,Lopez,(731)-4975291
Nicole,Reyes,(954)-3289049
Matthew,Thomas,(286)-7006458
Shannon,Farmer,(995)-5599117
Melissa,Reeves,(135)-6194468
Eric,James,(686)-2988001
Timothy,Hahn,(777)-9251281
Curtis,Morrow,(629)-3549383
Veronica,Howell,(254)-7987722
Michelle,Kidd,(208)-9443449
Melissa,Taylor,(521)-7218731
Curtis,Watson,(409)-3336641
Bryan,George,(656)-6342230
Alexa,Jackson,(611)-8233586
Eric,Cole,(301)-9391248
Catherine,Knight,(154)-6537197
Andrew,Vega,(834)-6338500
Ana,Newton,(586)-8200001
Chad,Simpson,(797)-1788432
Paul,Williams,(635)-2326867
David,Daniels,(137)-4384328
Jesse,Wilcox,(295)-6412427
Amanda,Huynh,(315)-4134016
Manuel,Cummings,(222)-9895725
Veronica,Powell,(230)-1265916
Kristy,Pineda,(848)-1717999
Evan,May,(533)-7364275
John,Olson,(701)-8124454
Brandy,Lopez,(810)-5905842
Caleb,Watson,(306)-1400255
Susan,Howe,(142)-7254553
Samantha,Nguyen,(829)-8393775
Holly,Thornton,(574)-5169790
Tammy,Thomas,(868)-3421181
Kathleen,Ramos,(392)-7807413
Aaron,Taylor,(743)-3583853
Richard,Anderson,(468)-3007776
Wayne,Valdez,(503)-6895628
Nicole,Hudson,(925)-6767221
Donald,Jones,(263)-1865052
Angela,Patton,(335)-7739606
Brenda,Matthews,(187)-2945959
Shawn,Freeman,(408)-8537707
Pamela,Reilly,(267)-6504705
Anthony,Sharp,(459)-7936046
Sandra,Pace,(526)-8943711
Julie,Cowan,(968)-8299552
Ian,Boone,(805)-3272337
Teresa,Scott,(567)-3636091
Alicia,Huff,(723)-9843634
Danielle,Shields,(523)-4999528
Diane,Baker,(234)-9842866
Maxwell,White,(368)-5077745
Brian,Gonzalez,(884)-9747234
Lisa,Patterson,(410)-3956629
Gregory,Cain,(207)-2276823
Derek,Lopez,(147)-6604517
Michael,Thompson,(380)-2186105
Melissa,Boyd,(673)-8119107
Joseph,Wright,(486)-4549234
Kristin,Phillips,(751)-1220735
Norman,Martin,(809)-8138146
Jason,Ruiz,(241)-4781474
Jose,Charles,(241)-9555149
Daniel,Lopez,(573)-8594493
Adam,Carlson,(698)-7269731
Amy,Stone,(216)-2832361
Monique,Madden,(645)-5938237
Evan,Meyer,(418)-1830697
Shannon,Alvarado,(667)-4069852
Lee,Benson,(892)-4490750
Jacob,West,(248)-8503728
Jody,Goodman,(874)-9654517
Gary,Bailey,(259)-5193102
Lindsay,Miller,(725)-9638220
Mary,White,(788)-4451769
Elizabeth,Rodriguez,(112)-2688982
Michelle,Bennett,(391)-8525039
Timothy,Stephens,(339)-3630362
Jennifer,Braun,(835)-1203953
Craig,Berg,(501)-1742034
Jill,Garcia,(477)-8089099
Monica,Thomas,(647)-6383087
Caitlin,Nguyen,(626)-2959293
Margaret,Ramirez,(446)-2423888
Lisa,Arnold,(303)-6411424
Randall,Pierce,(353)-1690870
Douglas,Garcia,(111)-7435707
Charles,Smith,(373)-9805634
Kimberly,Robinson,(854)-8194446
Tiffany,Jennings,(186)-2463709
Kenneth,Wilson,(418)-5272114
Victoria,Strong,(183)-4092799
Samuel,Daniels,(843)-9782891
Rodney,Nguyen,(615)-1872870
Gregory,Hoffman,(900)-8504395
Nicolas,Burns,(468)-9303178
Christopher,Harris,(417)-4754796
Olivia,Hill,(430)-6428273
Hayley,Nelson,(116)-1087361
Deanna,Lopez,(145)-5091867
Jeffery,Price,(235)-4470341
Henry,Vasquez,(787)-7704273
Lisa,Lara,(501)-1752709
Daniel,Ramirez,(469)-8340338
Angel,Mays,(397)-4390160
David,Wright,(950)-7029188
Dustin,Adams,(468)-7759684
Janet,Huffman,(733)-8399396
Katrina,Moore,(184)-4413623
Eric,Bennett,(497)-1156742
Amanda,West,(258)-6949294
Ashley,Williams,(551)-2775851
James,Miles,(261)-2058564
James,Cruz,(146)-6975115
Leah,Lawrence,(367)-8174224
Ryan,Burnett,(827)-4214269
Patricia,Fields,(139)-7377709
Steven,Rose,(419)-3955649
Jessica,Moore,(493)-3370797
Andres,Stanley,(416)-3507833
Marie,Brown,(214)-8502169
Christine,Richards,(426)-5517536
Jeffrey,Fritz,(518)-4453700
Mark,Gibbs,(967)-7796982
Misty,Wong,(931)-4065002
Rebecca,Swanson,(949)-7004539
Patrick,Jordan,(799)-7676631
Thomas,Eaton,(233)-3678349
Amanda,Miles,(644)-2131685
Bradley,Church,(626)-9160199
Kenneth,Hammond,(649)-8948985
Diane,Payne,(247)-1722369
Robert,Evans,(500)-9631462
Brandon,Pearson,(855)-1867118
Michael,Taylor,(877)-3469440
Benjamin,Mcdaniel,(177)-7290670
Larry,Bennett,(682)-7463502
Melissa,Clay,(337)-3061977
David,Nguyen,(940)-2396028
Caitlin,Weeks,(162)-6678858
John,Fields,(398)-6044507
Tara,Pennington,(268)-7518843
Shannon,Barnes,(482)-9667342
David,Sullivan,(431)-1370218
Matthew,Wilkins,(636)-1240864
Keith,Morgan,(402)-8642590
Sarah,Moore,(277)-6002672
Clifford,Dawson,(111)-1473454
Michelle,Stanley,(905)-1441174
Chase,Lopez,(314)-1853363
Alyssa,Rice,(569)-7587646
Joel,Krueger,(191)-7197327
Timothy,Cruz,(976)-6922776
Benjamin,Martinez,(426)-7338112
Melissa,Cunningham,(711)-9107246
Nathan,Taylor,(697)-4922026
Lisa,Dominguez,(718)-6731109
Glenda,Mcintyre,(816)-3431984
Jesus,Esparza,(336)-8148024
Jennifer,Flores,(659)-4934573
Spencer,Blanchard,(761)-5891186
Beth,Mclaughlin,(420)-9211004
Jade,Oconnor,(780)-6982448
Kiara,Robles,(562)-1106705
Nicholas,Carroll,(686)-4898376
Jeffery,King,(234)-2608195
Miranda,Price,(874)-3845862
Shelley,Cuevas,(391)-4313494
Frank,Nichols,(422)-3290143
Peter,Velez,(905)-6007585
Paul,Winters,(207)-3676554
Megan,Olson,(425)-1614851
Hannah,Oneill,(412)-2146155
Teresa,Frost,(905)-1262512
Theresa,Mcdonald,(402)-8499858
Lisa,Thompson,(369)-6790570
Jessica,Willis,(547)-9229926
Ricky,Fox,(599)-9148664
Nicholas,Mahoney,(250)-6658324
Jonathan,Jackson,(227)-6086730
George,Franklin,(546)-1654333
Shelby,Williams,(839)-9740613
Kevin,Peters,(862)-4228032
Robert,Watson,(872)-6008686
Toni,Davis,(606)-2080352
Wendy,Harvey,(969)-4504573
Paul,Moreno,(498)-3540966
Susan,Murray,(263)-9860141
Miranda,Bell,(818)-5197732
Ann,Young,(310)-4427770
Mark,Curtis,(711)-4877649
Derrick,Smith,(313)-9519717
Jean,Powell,(190)-4367552
Catherine,Davis,(169)-8417327
Jeffrey,Carson,(430)-4703010
Tom,Mckee,(827)-9149805
Jared,Doyle,(518)-7248670
Stephanie,Mathews,(677)-5228725
Alexa,Brown,(956)-4314374
Dawn,Flores,(647)-1134894
Mary,Harrison,(454)-1000490
Douglas,Ross,(861)-3150230
Richard,Hatfield,(707)-4162299
Brad,Lester,(762)-1323685
Lisa,Wood,(535)-2687972
Brianna,Erickson,(944)-9330612
Amanda,Cole,(408)-7635330
Kelly,Jarvis,(848)-9517208
Kimberly,Stewart,(581)-2382993
Amy,Lam,(490)-4345272
George,Estrada,(173)-9408666
Michael,Smith,(102)-4322009
Daniel,Cardenas,(435)-3687329
Sonya,Austin,(480)-8621035
Amber,Wilcox,(691)-2864593
Wayne,Smith,(217)-5928291
Elizabeth,Mcguire,(145)-7216961
Emily,Burton,(788)-7193728
George,Davis,(150)-3311654
Mario,Dennis,(792)-9018397
Cynthia,White,(895)-9399941
Kenneth,Reyes,(910)-2591706
Travis,Gallagher,(467)-6926461
Thomas,Morris,(119)-2646929
Jennifer,Wilson,(595)-2784533
Charlotte,Morgan,(885)-1602230
Madison,Jenkins,(826)-5916314
Adriana,Franklin,(560)-5635607
Thomas,Schmidt,(905)-8273096
Gina,Small,(436)-9939748
Sandra,Jackson,(379)-3661000
Sylvia,Dougherty,(483)-9930879
Austin,Horton,(381)-9528736
Nicole,Weber,(199)-5100272
Brandon,Cantrell,(246)-1527764
William,Wolfe,(123)-1406709
Nancy,Hamilton,(383)-2332155
Jessica,Thompson,(740)-6576029
Edward,Lawson,(409)-6022396
Carolyn,Cooper,(913)-7773340
Bradley,Johnson,(336)-3574515
Kimberly,Mosley,(457)-2718218
Gerald,Shah,(990)-6982984
Laura,Russell,(403)-3111468
Virginia,Jackson,(908)-7532262
Lindsey,Patel,(606)-7690187
Louis,Williams,(756)-4510465
Gregory,Brooks,(779)-4967611
Aaron,Ortega,(315)-5490312
Cory,Powell,(608)-9342008
Hannah,Cooley,(943)-5451824
Diamond,Crawford,(609)-4433117
Daniel,Shaw,(943)-3166236
Paul,Mckenzie,(844)-7218081
Joseph,Smith,(274)-1258342
Julia,Collins,(633)-6582099
Nicole,Stein,(786)-5572559
Donald,Torres,(698)-5082208
David,Reed,(309)-7778707
Lisa,Stanley,(506)-4031497
Wendy,Valentine,(504)-8835479
Dennis,Mitchell,(356)-9705355
Sydney,Marshall,(679)-8807660
William,Arroyo,(984)-9523494
Heather,Hunt,(750)-4228907
Monica,Gibbs,(637)-7181379
Frances,Johnson,(743)-2869665
Erika,Ramos,(376)-5266214
Nicholas,Ray,(413)-5496866
Lindsey,Evans,(341)-4121071
Christopher,Woodard,(957)-8182571
Victor,Johnson,(645)-9504425
Adrian,Cook,(291)-8626118
David,House,(584)-3588984
Lynn,Parks,(815)-8152435
Kelly,Gutierrez,(808)-2681601
Matthew,Aguilar,(268)-8259365
Erik,Roberts,(815)-5929724
Paul,Berger,(828)-1091476
Melissa,Wade,(279)-1752001
Laura,Rivera,(888)-4554096
Diana,Odom,(685)-9607264
Sharon,Baldwin,(973)-4287732
Jennifer,Ward,(150)-7406164
Adrienne,Guerra,(658)-5295535
Melody,Walker,(430)-7298672
Sharon,Russell,(776)-8209781
Joshua,Graves,(824)-3817582
Veronica,Edwards,(684)-7236418
Lisa,Holland,(643)-7303751
Paul,Johnson,(274)-5351929
Anthony,Wise,(976)-6282909
Caroline,Olson,(601)-7779472
Kristen,Baker,(270)-8588469
Christopher,Garcia,(729)-1860458
Heather,Smith,(817)-9982426
Allison,Berry,(638)-7888471
Brandon,Reeves,(216)-6653836
Theresa,Gallagher,(229)-5529596
Christopher,George,(950)-2239974
Scott,Jones,(327)-1302027
Mark,Whitaker,(213)-6013356
Lori,Gibson,(685)-2002345
Timothy,Martin,(106)-8791668
Jeffrey,Benson,(920)-5120377
Jenna,Johnson,(205)-9788182
James,Reyes,(735)-6542509
Ricky,Castro,(861)-6538251
Daniel,Miller,(587)-7655609
Ashley,Price,(620)-3697104
Brooke,Woods,(982)-4616793
Mason,Mccormick,(221)-4111883
Mark,Moreno,(677)-6990153
Benjamin,Schaefer,(822)-1852772
Gloria,Valenzuela,(837)-5551509
Christopher,Gardner,(554)-1735358
Joe,Crawford,(894)-1367677
Rebecca,Horton,(875)-8947608
Franklin,Allison,(168)-4985442
Christopher,Estrada,(413)-1886377
Timothy,Evans,(774)-6723982
Mark,Jacobson,(595)-6407597
Tammy,Woods,(136)-5142932
Roy,Mccarthy,(957)-1840361
Danielle,Jones,(477)-5564559
Jeremy,Pearson,(479)-2590125
Brian,Mcpherson,(160)-8420916
Melissa,Gardner,(327)-2671492
Andrea,Perez,(320)-6826022
Rachael,Hardy,(552)-7381440
Joshua,Obrien,(466)-1122730
Tara,Henry,(196)-9838067
Courtney,Jones,(893)-4517260
Andrew,Burns,(563)-4473411
Thomas,Hartman,(544)-4327688
Anthony,Gill,(836)-7664700
Mackenzie,Waller,(269)-1555420
Sydney,Barnes,(916)-7592717
Shawna,Wagner,(792)-2906243
Yolanda,Boyer,(506)-5379852
Lynn,Jacobson,(661)-5971547
Nathaniel,Yates,(809)-2714224
Tammy,Vance,(833)-4944186
Amanda,Salinas,(211)-7774576
Pamela,Mullins,(431)-3036916
Stacy,Rogers,(939)-4637216
Timothy,Lopez,(783)-4555786
Lorraine,Le,(534)-7193576
Matthew,Burnett,(603)-2116932
Mark,Oliver,(808)-1676534
Robin,Casey,(547)-1596509
Molly,Rhodes,(672)-4586310
Ruth,Moore,(158)-2630190
John,Molina,(188)-9273452
Michelle,Reed,(410)-7340421
Robert,Martin,(159)-8312282
Adam,Morales,(329)-5813293
Jorge,Adams,(955)-2518079
Joel,Moon,(396)-5384513
James,Kelly,(130)-6400827
Abigail,Franklin,(665)-1264012
Kelly,Diaz,(479)-4022659
Amanda,Fitzgerald,(776)-9572401
Deborah,Scott,(345)-7673787
Gregory,Camacho,(928)-8877708
Alejandro,Mccormick,(341)-8571174
Barbara,Espinoza,(366)-2422718
Michael,Stevenson,(120)-6231193
Julia,Hart,(128)-8152666
Lindsey,Moore,(521)-3455451
Chris,Lewis,(987)-2455480
Derek,Martin,(879)-1022271
Travis,Burns,(626)-2046949
Theodore,Santos,(175)-3785932
James,Harris,(484)-5708490
Samantha,Dorsey,(715)-2488070
Maria,Newman,(190)-7275214
David,Stokes,(466)-6033791
Caitlin,Knox,(150)-4656685
Lisa,Richard,(123)-2403578
Robert,Porter,(722)-2808385
Brenda,Wong,(206)-4496475
Michelle,Cruz,(598)-6503328
Victoria,Hampton,(411)-5960084
Rebecca,Adkins,(635)-2095135
Harold,Todd,(234)-6872436
Tonya,Wilson,(301)-4504103
John,Wade,(117)-9489399
David,Guerrero,(176)-8384124
Elizabeth,Banks,(628)-5089489
Samantha,Morris,(118)-8808125
Matthew,Black,(187)-8965343
Joe,Bullock,(435)-1427785
Michael,Soto,(215)-9552095
Denise,Jackson,(493)-9983006
Heather,Moore,(793)-2900783
Douglas,Palmer,(858)-4829177
Pamela,Matthews,(775)-8551136
Dylan,Roberts,(264)-3496795
Karen,Aguilar,(958)-5077872
Christopher,Wright,(190)-2877754
Victoria,Simpson,(842)-5811152
Hunter,Fuller,(287)-5022034
Jacqueline,Mckenzie,(281)-5020996
Jennifer,Gregory,(904)-5191174
Danny,Reynolds,(743)-2054992
Shirley,Sims,(215)-5599013
Ronald,Jones,(792)-9797655
Michael,Campbell,(248)-3731932
Danielle,Rasmussen,(868)-9436852
Wendy,Smith,(988)-1258554
Troy,Callahan,(909)-9071689
Lisa,Hart,(539)-1073753
Kenneth,Santiago,(463)-1245122
Amber,Williams,(163)-8643651
Zachary,Huff,(317)-5866716
Kathleen,Burch,(621)-5970673
Christopher,Bryant,(701)-5637245
Joseph,Jones,(167)-6675395
Elizabeth,King,(939)-7959956
Tanya,Simmons,(331)-9913613
James,Hardy,(940)-8674555
Rachel,Cook,(284)-9526291
Tyler,Robinson,(750)-8763647
Michelle,Johnson,(132)-4363683
Hayley,Warren,(243)-8612999
Emily,Pope,(741)-8312755
Steven,Bailey,(181)-2997267
Austin,Ward,(310)-8904523
Joseph,Flores,(827)-2833071
Harry,Harris,(589)-3154871
Gina,Sampson,(344)-1199279
Heather,Garcia,(478)-1296110
Megan,Freeman,(403)-2068100
Hannah,Williams,(836)-6670084
Larry,Cortez,(691)-5528434
Helen,Parks,(503)-3296414
Jacqueline,Garner,(549)-6619280
Jonathan,Holt,(442)-2841065
Eric,Ball,(371)-8405681
Michael,Nguyen,(720)-8840464
Aaron,Henry,(105)-3531438
Charles,Martin,(309)-5897655
Wanda,Fuentes,(913)-4352146
Andrew,Walker,(552)-2516297
Holly,Adams,(826)-1397307
Michael,Bell,(305)-6031104
Allison,Gray,(289)-6797060
Tyler,Graham,(258)-1539758
James,Hill,(525)-1136325
Tyler,Hess,(851)-2947253
William,Jackson,(913)-9133352
Shelly,Johnson,(242)-5256787
Melanie,Salas,(112)-7452018
Chad,Farrell,(529)-6423984
Ray,Harris,(610)-4294234
Troy,Davis,(990)-4606896
Alexandra,Williams,(148)-5029603
Jessica,Stone,(509)-8363737
Sarah,Pham,(517)-4875168
Kenneth,Robinson,(114)-3409723
Michael,Castillo,(631)-5070021
Kevin,Warner,(222)-2923026
Amanda,Turner,(590)-2428136
Shannon,Neal,(186)-5310238
Karen,Burch,(902)-2219039
Mitchell,Brown,(251)-5949431
Robert,Phillips,(240)-7537844
Ricky,Sherman,(202)-9719600
Christine,Kelley,(560)-5587875
Jesus,Ramirez,(506)-3048505
Kimberly,Andrews,(434)-6635510
Austin,Shaw,(835)-2183225
Christopher,Walker,(748)-3499689
Travis,Cook,(931)-8546107
Eileen,Brown,(350)-3514635
Wayne,Sexton,(361)-5599102
Robert,Mcdonald,(234)-1067522
Travis,Russell,(287)-5439388
Lisa,Smith,(282)-9692612
Rebecca,Fields,(848)-7175331
Marisa,Webb,(383)-7110141
Kathy,Green,(448)-2486505
Lori,Hayes,(995)-4876829
Victor,Kelly,(403)-8978715
Roger,Santana,(842)-4201437
Jessica,Thomas,(539)-7180207
Carrie,Hoffman,(192)-3625822
David,Ford,(425)-7774428
Mindy,Martin,(972)-1601015
Malik,Douglas,(859)-6558572
Raymond,Hayes,(896)-2127985
Richard,Mcpherson,(391)-4380614
Timothy,Smith,(340)-4854077
Franklin,Miller,(771)-3695178
Stacy,Velazquez,(553)-3551973
Karl,Ramirez,(645)-8792748
Barbara,Griffin,(527)-5591065
Donna,Simmons,(378)-5462541
Kayla,Brennan,(713)-8124696
Carl,Jones,(421)-6562819
Mark,Perez,(897)-2595453
Justin,Long,(838)-4015527
Justin,Jarvis,(128)-9939848
Danielle,Woodard,(290)-4465209
Steven,Leon,(546)-7665963
Amy,Jones,(874)-6367421
James,Medina,(529)-3162004
Carl,Martinez,(492)-1982001
Michael,Walker,(876)-9841261
Samantha,Mitchell,(855)-7946086
Brad,Schultz,(200)-6781764
Elizabeth,Taylor,(478)-6130627
Gregory,Johnson,(426)-2408422
Eric,Clark,(420)-6126612
John,Bridges,(272)-1615767
Sarah,Garcia,(422)-5059701
Donald,Rose,(834)-1006713
Dennis,Alexander,(491)-3016392
Sandra,Spears,(960)-2553504
George,Chambers,(819)-6556112
Anne,Williams,(720)-2160367
Tanner,King,(182)-6201795
Walter,Krause,(249)-2818431
Christopher,Sparks,(491)-7119687
Amy,Raymond,(633)-8831948
Karen,Shaw,(936)-5792284
Brittany,Daniels,(126)-8341780
Douglas,Woods,(438)-1626574
Amber,Stuart,(548)-5274913
Dawn,Kaufman,(491)-3144484
Dillon,Stephens,(881)-4708509
Tyler,Smith,(958)-8782455
Meagan,Hernandez,(388)-3770714
Douglas,Brady,(322)-6799220
Franklin,Bradshaw,(125)-1584748
Lisa,Robertson,(592)-1796873
Jennifer,Turner,(328)-1274046
Kelli,Meyers,(404)-6925434
Tiffany,Jenkins,(877)-7004133
Danielle,Silva,(384)-5458048
Lisa,Richardson,(971)-2219993
Mary,Francis,(454)-1108143
Anna,Henry,(883)-4525511
Kevin,Bishop,(975)-3238958
Bryan,Rogers,(243)-2759096
Ricky,Jenkins,(520)-7053585
Brandon,Lopez,(965)-2397394
Edward,Deleon,(388)-5168046
John,Martinez,(481)-8161349
Cassandra,Cruz,(287)-9404223
Timothy,Mitchell,(652)-3294526
Kathleen,Jenkins,(317)-2925442
Shannon,Perez,(618)-7391224
Donald,Leon,(658)-9702699
Scott,Jones,(856)-5575200
Rebecca,Boyd,(495)-7635254
Donald,Fuller,(196)-5893626
Tyler,Hebert,(135)-7410307
George,Dickerson,(429)-8905567
Cynthia,Wade,(678)-5700583
Adam,Gilmore,(887)-1275923
John,Reyes,(392)-8129626
Lisa,Rivera,(370)-6094824
Michelle,Hawkins,(858)-1982338
Kelly,York,(302)-4313071
Dennis,Jordan,(598)-7619907
William,Hull,(983)-8255445
Ryan,Davenport,(260)-1934421
Ricky,Johnson,(805)-3366786
Elizabeth,Foster,(491)-5951594
Jorge,Mason,(644)-2335228
Abigail,Marshall,(125)-8824750
Ashley,Glass,(971)-6452420
Joy,Rich,(648)-4324503
Justin,Young,(700)-2211962
Brittany,Cline,(880)-6780235
Alexis,Watkins,(889)-1942412
Kimberly,Brown,(449)-7349269
Calvin,Palmer,(503)-6558183
Michael,Hammond,(598)-8753668
Jeffery,Knight,(892)-4650409
Elizabeth,White,(366)-7777403
Robert,Spencer,(708)-4416043
Dana,Benitez,(543)-1120230
Kelly,Steele,(795)-5479618
Tyler,Cisneros,(515)-6359815
Brian,Williams,(486)-7208184
Cindy,Bennett,(110)-2786031
Kristen,Rodriguez,(978)-1608775
Pam,Carlson,(930)-6914400
Jasmine,Flynn,(886)-6111961
Angela,Lawson,(579)-2558330
Katie,Davis,(553)-9144145
Greg,Erickson,(890)-5697098
Gabriel,Quinn,(837)-5301494
Kelsey,Collins,(253)-9894193
Kenneth,Reid,(897)-3933610
Sergio,Ramirez,(251)-4354135
Deborah,Faulkner,(196)-9099633
Brian,Gray,(167)-3656485
Michael,Wilson,(368)-5752784
Brittney,Meyer,(678)-4415518
Cameron,Carey,(460)-7251780
Misty,Weaver,(342)-5969639
Bridget,Little,(113)-3827867
James,Landry,(678)-8484540
Stacy,Abbott,(315)-2952278
Nicole,Wagner,(277)-7732134
Richard,Nguyen,(559)-6147216
Roy,Davis,(935)-1348820
Alicia,Greene,(123)-4288039
Kevin,Leonard,(805)-1332263
Michael,Merritt,(322)-1058798
Noah,Perez,(355)-1071458
Tiffany,Clark,(324)-4798645
James,Maldonado,(201)-3174406
Krystal,Dunn,(295)-5836606
James,Diaz,(420)-3847188
Thomas,Madden,(105)-4764408
Kristin,Hill,(787)-5784238
Heather,Foster,(325)-7612303
George,Pope,(124)-9981715
Andrew,Malone,(896)-6920868
Mark,Mckinney,(141)-6202251
Hannah,Harris,(921)-4882673
Joel,Adams,(985)-7080071
Andrew,Williams,(706)-9164277
Julie,Hernandez,(833)-4005608
William,Parker,(414)-4406835
Jennifer,Gordon,(296)-5910926
Todd,Lewis,(243)-7596857
Alex,Raymond,(473)-8418178
Cheryl,Yoder,(913)-6939326
Maria,Robinson,(269)-7508693
Sarah,Roy,(695)-4612600
Matthew,Russell,(871)-6712102
Kayla,Miles,(602)-2131600
Christopher,Conner,(450)-7331220
Lisa,Alexander,(302)-7916443
Gary,Gomez,(508)-6534572
Steven,Griffin,(574)-4559167
Valerie,Lewis,(938)-3395599
